index,p_die
0,0.0067498211579391
1,0.00549224673947535
2,0.00423308008025336
3,0.00297231916430429
4,0.00170996197310713
5,0.000446006485584904
6,0.000404006086907271
7,0.000362003923408905
8,0.000319999995015752
9,0.000277994301653761
10,0.000235986843248548
11,0.000239041351549951
12,0.000242095850519153
13,0.000245150340156153
14,0.000248204820460951
15,0.000251259291433659
16,0.0002677993767497
17,0.000284339188422633
18,0.000300878726456788
19,0.000317417990856828
20,0.000333956981627415
21,0.000361109345112909
22,0.00038826097110134
23,0.000415411859612691
24,0.000442562010666947
25,0.000469711424284092
26,0.000507635584229838
27,0.000545558305257932
28,0.000583479587422664
29,0.00062139943077888
30,0.00065931783538109
31,0.000710362032669054
32,0.000761403622727808
33,0.0008124426056908
34,0.000863478981691035
35,0.000914512750861629
36,0.000984170333910184
37,0.0010538230603383
38,0.00112347093048482
39,0.00119311394468824
40,0.00126275210328708
41,0.00136221943081472
42,0.00146167685208387
43,0.00156112436808131
44,0.00166056197979336
45,0.00175998968820656
46,0.0019113180860203
47,0.00206262354317477
48,0.00221390606314764
49,0.00236516564941602
50,0.00251640230545658
51,0.00276228751737118
52,0.00300811211722396
53,0.0032538761199562
54,0.00349957954050539
55,0.00374522239380548
56,0.00416671059333495
57,0.00458802047271345
58,0.0050091521073834
59,0.00543010557275525
60,0.00585088094420749
61,0.00659657291649829
62,0.00734170555970348
63,0.00808627929336525
64,0.00883029453671069
65,0.0095737517086526
66,0.0108983079167873
67,0.0122210927167513
68,0.013542108477555
69,0.0148613575650399
70,0.0161788423418838
71,0.0184622634723888
72,0.0207403848469182
73,0.0230132187660559
74,0.0252807775018367
75,0.027543073297812
76,0.0311985103368536
77,0.0348402066953781
78,0.0384682140242002
79,0.0420825837799808
80,0.0456833672259565
81,0.0508245751728348
82,0.0559380857934324
83,0.0610240483020762
84,0.0660826111092279
85,0.0711139218258147
86,0.077120744112364
87,0.0830887221156047
88,0.0890181070296412
89,0.0949091484241826
90,0.100762094255047
91,0.106406246910569
92,0.112014973502538
93,0.117588496386027
94,0.123127036520476
95,0.128630813478453
96,0.132940105468388
97,0.137228086172888
98,0.141494860985339
99,0.145740534777917
100,0.149965211904157
101,0.152762825306515
102,0.155551231273061
103,0.15833046010708
104,0.161100542012123
105,0.163861507092335
106,0.165492117957557
107,0.167119548857001
108,0.168743805992135
109,0.170364895552334
110,0.171982823714902
111,0.613411716247186
